{
    "project_info": {
      "project_number": "648368730350",
      "firebase_url": "https://location-based-attendance.firebaseio.com",
      "project_id": "location-based-attendance",
      "storage_bucket": "location-based-attendance.appspot.com"
    },
    "client": [
      {
        "client_info": {
          "mobilesdk_app_id": "1:648368730350:android:d34d33410aaaf06c5c43ff",
          "android_client_info": {
            "package_name": "example.com.geo_attendance_system"
          }
        },
        "oauth_client": [
          {
            "client_id": "648368730350-6dkr44dor7stsbdbfhq2f0r3ipkpjov6.apps.googleusercontent.com",
            "client_type": 3
          }
        ],
        "api_key": [
          {
            "current_key": "AIzaSyDSp4rP6uKcwvoFH2MjvOjXQ_hfdyVvzxk"
          }
        ],
        "services": {
          "appinvite_service": {
            "other_platform_oauth_client": [
              {
                "client_id": "648368730350-6dkr44dor7stsbdbfhq2f0r3ipkpjov6.apps.googleusercontent.com",
                "client_type": 3
              }
            ]
          }
        }
      }
    ],
    "configuration_version": "1"
  }